station_id,name,latitude,longitude,barrio,comuna
bfcc473bca43acb723e650f0403fb3bd,006 - Parque Lezama,-34.628526,-58.369758,San Telmo,1.0
d39d3aa57ca34d3d964280e191cf96ab,147 - Constitución,-34.626851,-58.380706999999994,Constitucion,1.0
30c1ea287787033da4b36f0f7218051d,396 - PLAZA ALBERTI,-34.5557,-58.4579,Belgrano,13.0
f39ff5f6c4a5e291d725700e8a3e3c68,061 - Ministerio de Economia,-34.608936,-58.37071600000001,Monserrat,1.0
7a55ef1b1ef89120ce4edda521c513e2,033 - Facultad de Medicina,-34.5970909,-58.398980699999996,Recoleta,2.0
e07f4a78d968e52ae6abe4d1e8838ab2,146 - Hospital Francés,-34.6221118,-58.40784190000001,San Cristobal,3.0
de5d69791f687971a71b63c58817c50e,126 - Ministerio de Justicia y Seguridad,-34.63922546953217,-58.36958898591382,Barracas,4.0
873c9b97795805ab755cc54fa011924a,049 - 33 Orientales,-34.629176084274704,-58.42481977731553,Boedo,5.0
d88e9512bd1600bf73ef0b3b913c01cd,128 - PARQUE DEL BAJO,-34.60515159,-58.36882117,San Nicolas,1.0
248749c3c85e64d3f58247eb1f726a1c,120 - HOSPITAL RAMOS MEJIA,-34.617509,-58.409287600000006,Balvanera,3.0
9bc01b7d6429c977961868a30d847522,372 - VILLA SOLDATI,-34.6604476,-58.432016800000014,Villa Soldati,8.0
e474bd49f5261d4fb5a0673a48edd298,385 - Franklin,-34.6112804,-58.45004339999999,Caballito,6.0
d9f4412b314f52cf628993692cb622c7,265 - Plaza Exodo Jujeño,-34.582336918286785,-58.48108314683206,Parque Chas,15.0
560140f364038971148f3500ab69877b,240 - ECHEVERRIA,-34.565409,-58.459298,Belgrano,13.0
b8c4d91ad66bf1c0ecd890bb591b28be,259 - PLAZA CASTELLI,-34.5678255,-58.4645037,Belgrano,13.0
321e0263bcdf3b6b9c0bffcd590e0a88,226 - AV. WARNES,-34.59646530000001,-58.46638409999999,Paternal,15.0
d55dfd312305fe2d67424a5d384ec62a,230 - AREVALO,-34.583613,-58.443602000000006,Palermo,14.0
70cfa28885af55aa532d93310a83e35b,198 - CENTRO METROPOLITANO DE DISEÑO,-34.6548385,-58.379427,Barracas,4.0
63e399def72ac68e4607c9cb9cf5b0b5,283 - BALBIN II,-34.5559308,-58.4812325,Saavedra,12.0
17d059e3db39f06b8bc33428d51bcf4f,050 - Hospital Rivadavia,-34.5837348,-58.4010798,Palermo,14.0
ac572151c2060b0dcc4d06700a5a1ab8,105 - PARQUE SAAVEDRA,-34.552148,-58.480464,Saavedra,12.0
5fc8af371fa716a1c894166b201fe98a,272 - Plaza Bruno Giordano,-34.616151,-58.440584,Caballito,6.0
378dd0283153e03bef050e16c748fa49,160 - Godoy Cruz y Libertador,-34.5759189160704,-58.41854288458634,Palermo,14.0
b64251a3e2294f6acab1629142fb264c,292 - PLAZA BOLIVIA,-34.563539,-58.436115,Palermo,14.0
1737e6da35a43652940ef4d77ccd2001,389 - Av. ELCANO,-34.57080828710083,-58.458061489601334,Colegiales,13.0
c2d2726c380bbfcf868ed5053e296818,139 - CASA ROSADA,-34.60748033900249,-58.366741024467466,Puerto Madero,1.0
978e0e6d2c1b89822e1ee2c2de40d081,176 - Plaza Derechos del hombre,-34.63403,-58.50694000000001,Villa Luro,10.0
96360ed9a8adee062024afd9ba09058c,391 - Plaza República de Ecuador,-34.56533652,-58.42062076,Palermo,14.0
0e1d5e9a8aa9fb7681f9e586ddc2301a,121 - YATAY,-34.6011732,-58.4285093,Almagro,5.0
9e2a96ba0dd870847d8a7a73cf332e3c,357 - ATAHUALPA,-34.6256282,-58.4928031,Floresta,10.0
4295b80ca65a1dd3ff828ed1d6b63c30,329 - LAS CAÑITAS,-34.5738986,-58.431782000000005,Palermo,14.0
4f09f518f4e4fa0bd6e8bbe901bfb0c2,324 - Las Victorias,-34.6274033,-58.48811179999999,Floresta,10.0
a88a5e53217208dc0a3873fc03d4a68b,261 - QUINTEROS LIDORO,-34.552571,-58.45089699999999,Belgrano,13.0
1ffd59c9feff18a2b800b80a88f62c82,374 - Puan,-34.622425745483355,-58.449764619756046,Caballito,6.0
07af0a3670095fbfe1840e68b844a339,388 - Plaza Jose C Paz,-34.641728,-58.402483,Parque Patricios,4.0
e91595bd42bdada4989362dce6cf625b,255 - BARRANCAS DE BELGRANO,-34.559801,-58.44831400000001,Belgrano,13.0
648611ab87b4e717ee849fdd0f25dae9,152 - JULIETA LANTERI,-34.6181645,-58.3596311,Puerto Madero,1.0
66258f83416641003844f254a1a2b25d,078 - TEATRO COLÓN,-34.600598,-58.382360999999996,San Nicolas,1.0
f7f409e6035ec8176000b19328c27b72,039 - Plaza Don Bosco,-34.62652,-58.50804999999999,Monte Castro,10.0
e2842bc7dd5b230e8a4ba398433dad4e,158 - VILLARROEL,-34.592735,-58.4450697,Villa Crespo,15.0
4c6b81b5b9d690a106722a233da60d64,248 - Husares,-34.552594,-58.4429397,Belgrano,13.0
7179cd8e59538b72ecf70d5568e52c09,130 - RETIRO II,-34.5917376,-58.37436403,Retiro,1.0
b705d47f081e1ee57cf96cfc7866e495,382 - MERCADO DE HACIENDA MATADEROS,-34.66181712635796,-58.50133009838903,Mataderos,9.0
11bb36f1a96759b478a7b2d985d7c60f,022 - Arenales,-34.5938629,-58.3825498,Retiro,1.0
567eda89ecd31064c95e25409b3623c7,194 - PERÓN Y ACUÑA DE FIGUEROA,-34.6060758,-58.42246349999999,Almagro,5.0
696b3fbdf036b41b530b60365636cca4,002 - Retiro I,-34.59242413,-58.37470988999999,Retiro,1.0
2fdb58a641a0857ddb8ed76b6fa52098,347 - CARABOBO,-34.6262877,-58.45530009999998,Flores,7.0
7e4ba57d0ce1384a6a19c07807cc1a8c,087 - Guayaquil,-34.619845,-58.431494199999996,Caballito,6.0
e29971c65a82f2068df17df0f90d62c3,281 - Villa Urquiza,-34.573734,-58.486924089999995,Villa Urquiza,12.0
b1954666477311ab5cfac044b7a8baa9,021 - Parque Patricios,-34.640111,-58.406432,Parque Patricios,4.0
2f16df75076d7f2eb3bbeba069109147,065 - Julián Álvarez,-34.5873124,-58.4157873,Palermo,14.0
33ccc8c0fceb264abe75c060539100b4,179 - CASA SAN,-34.6384786,-58.3642885,La Boca,4.0
96b939b916b72751988c0d31dd871e38,161 - Humahuaca,-34.6020779,-58.4196761,Almagro,5.0
53f151fb0ae512fd854c0deff0e31fca,282 - Tronador,-34.5838957,-58.466494,Villa Ortuzar,15.0
0833ff8e9e91c17b80d1388b3b86a5ba,041 - PARQUE PATRICIOS II,-34.637792016250565,-58.405178766003,Parque Patricios,4.0
9507cd93d9487d6293d267cfd31a122e,163 - ONCE II,-34.6095663,-58.4064308,Balvanera,3.0
e24de23c2cac5dc20ceda932476c9c14,380 - NOGOYA,-34.60844646216318,-58.50427162887553,Villa Devoto,11.0
6fc9412e2b7baf4d4e2dd44efd1d3cf8,279 - PLAZA MONTE CASTRO,-34.6182924,-58.4985253,Monte Castro,10.0
7973b31dbaeb60397f34000b0599d315,266 - PLAZA SABATTINI,-34.61200399005994,-58.44215423439331,Caballito,6.0
1423c327649dafb2c7c1c095562bf793,038 - Plaza Libertad,-34.5970497,-58.382840300000005,Retiro,1.0
ce9f432d05a97ec6b7ce51627abb3fa6,267 - Plaza 25 De Agosto,-34.57951881156862,-58.46183473148808,Villa Ortuzar,15.0
9ca35caade27998665a7988c7f2f0245,192 - HOSPITAL SIRIO,-34.59066966722957,-58.50753666955483,Villa Devoto,11.0
094d9e5249eff241b26843f01636c208,270 - PLAZA DEL ANGEL GRIS,-34.622003,-58.457555,Flores,7.0
b44817d4debf07fb3d441ff1e58a0297,345 - Plaza Mafalda,-34.5809383,-58.44458039999999,Colegiales,13.0
57862d384eb808ac1336d3ff5d84274b,165 - PLAZA MONSEÑOR MIGUEL DE ANDREA,-34.597048,-58.407614,Recoleta,2.0
1659d02e55dd38bb44e1154c9d337c20,032 - Catedral,-34.60674458045258,-58.37365550287733,San Nicolas,1.0
710066e5658ac9085c2e1b59f3c1e4fc,297 - TRONADOR Y GARCÍA DEL RÍO,-34.554581,-58.485381,Saavedra,12.0
0261e48315e3e629e7eb492d10cc1ca5,016 - MUSEO DEL AGUA,-34.6009819,-58.395456800000005,Balvanera,3.0
605bff571e5b6c75f7d036ba4c77c0e8,046 - Chile,-34.6163729,-58.37436969999998,San Telmo,1.0
5a4d8858685e7f3aa7bfe7e127ec4f56,040 - HERRERA,-34.636765893064016,-58.377959686508206,Barracas,4.0
217f1327f455e57262dc737a6108774c,239 - AVENIDA CRAMER,-34.55813699999999,-58.46725929999999,Belgrano,13.0
3ac13413c55d2010786a443a1156d060,048 - JOSE AMALFITANI,-34.63362230949344,-58.52125773107453,Versalles,10.0
cf5be9583aefa5063bf290de47a3983d,241 - BIBLIOTECA NACIONAL,-34.583409,-58.397735,Recoleta,2.0
3e571e2ac156d39f17cdfb8b0011e893,320 - PAVON,-34.629986531384205,-58.41456000555724,Boedo,5.0
b01d956e39a786a4ed170c48dc56ea7f,269 - Plaza De La Misericordia,-34.6317,-58.45534000000001,Flores,7.0
1087f98013beaee28cc8e7b66f0d1850,059 - Coronel Diaz,-34.589968,-58.411493,Palermo,14.0
071e3d8deafab31c46dc3f1151edcee2,378 - AGRONOMIA,-34.599690564507696,-58.47934851122287,Villa Del Parque,11.0
04b668c7746665a9f7c70a84884a4743,274 - Gavilán,-34.6162466,-58.4658836,Villa Gral. Mitre,11.0
27ab02cdd5999fc9b09d2024828b5f02,136 - Acevedo,-34.599659,-58.442685000000004,Villa Crespo,15.0
fa427a1b72480bc0c03208a67a7dcade,233 - MONROE,-34.564122,-58.46981300000001,Coghlan,12.0
9cc9757f2356429de2319ba20fddf551,328 - JARDIN BOTANICO,-34.581920037923624,-58.420280103862616,Palermo,14.0
915e4ff9ccb919ad71b18b2273633c24,249 - Vidal,-34.56031055981906,-58.46364346441801,Belgrano,13.0
add23b374a9e05ec59d48387ff06abb0,264 - Plaza Marcos Sastre,-34.570825,-58.48123600000001,Villa Urquiza,12.0
59bb63842eecdf61b8fb5bedb7dd6de0,140 - Las Casas,-34.6360274,-58.4156332,Boedo,5.0
ba0290f2219621843891fec779537626,383 - BOEDO Y VENEZUELA,-34.6163544,-58.4170737,Almagro,5.0
4ae28af81f27cb28ae7065fbd124221d,377 - CIUDAD UNIVERSITARIA III,-34.541,-58.4441,Belgrano,13.0
2e3231df149bb75c70eb6707c15826a0,381 - Matienzo Y Arce,-34.570161,-58.43558,Palermo,14.0
785c4f418560c8d9593b99515a84d848,144 - PUEYRREDÓN,-34.6018744,-58.4060944,Balvanera,3.0
92f24c1395bd74d02e13214a74ecf7f2,234 - AVENIDA TRIUNVIRATO,-34.5657087,-58.49521839999999,Villa Urquiza,12.0
92ab5fad63f21d75d3c61351441baa50,318 - QUESADA,-34.567603678163906,-58.48876191163941,Villa Urquiza,12.0
fe26e65c61e1ae4d4ff96b15bac03cb3,127 - PLAZA LEONARDO N. ALEM,-34.57634,-58.502480000000006,Villa Pueyrredon,12.0
1644769649121972fb4ee0d07db9a001,097 - Avelino Diaz,-34.635128,-58.42757300000001,Parque Chacabuco,7.0
533a2c36521ffc14d0e3ad34e1d427db,359 - PLAZA BALCARCE,-34.54754,-58.46784399999999,Nuñez,13.0
fc11ec87360275b63b38c8c284b54954,205 - SAN MARTIN,-34.605567,-58.453475,Villa Crespo,15.0
2e31e79bea43683ad8ff32d72b98e4dc,185 - JORGE NEWBERY,-34.55771,-58.41033000000001,Palermo,14.0
89e53ca32b11d45f3cabca44043a7eca,331 - CALIFORNIA,-34.647121,-58.374336,Barracas,4.0
d014ff7ca1b76f29e66997d2c005ad28,344 - UNIVERSIDAD DI TELLA,-34.54723249654352,-58.4468016411338,Belgrano,13.0
fb4b949b2b0926ef9d148a46135b40ab,362 - PARQUE DE LA MEMORIA,-34.542628,-58.43691299999999,Belgrano,13.0
019759929a26df7a6b4e1ec88bbe0006,247 - PLAZA LUCIO DEMARE,-34.54569,-58.465140000000005,Nuñez,13.0
81e03dd2ecef6cfb96761d2da7c3b74e,338 - AV. CABILDO,-34.557933,-58.4607027,Belgrano,13.0
b22b75a375181a9389119a8aa52614af,335 - General Urquiza,-34.5722091712574,-58.41217922222901,Palermo,14.0
771ce8980d9340e316bc7bd3d686f7a6,373 - Jorgelina De Simone,-34.62393,-58.39124999999999,Constitucion,1.0
930bd43b53febf997d460f990f123112,027 - Montevideo,-34.59958077124587,-58.38999817544576,San Nicolas,1.0
d942d163262d569efe3ff54f2b019138,109 - ESTACION PUEYRREDON,-34.581135,-58.501487,Villa Pueyrredon,12.0
021692ed948bfef778462ff7d025aff7,019 - PLAZA  SAN MARTIN,-34.5954737,-58.37748229999999,Retiro,1.0
5493608e1abdc1677d458ad923074362,098 - BENITO JUAREZ,-34.6189273,-58.50517690000001,Monte Castro,10.0
cf5db55d16e7c03374fcafbbeea2d4db,303 - Huaura,-34.596849288941584,-58.45327985794868,Villa Crespo,15.0
025aed060954084d5516e7b999e1cd5f,172 - UBA EXACTAS,-34.5440410661106,-58.43907661639404,Belgrano,13.0
9a0a402497d3f07c524a092ce08bb215,399 - GARCIA DEL RIO,-34.5503,-58.477000000000004,Saavedra,12.0
c86fa6293c64c71ec939a482c93702f7,327 - IBERA,-34.55917978513255,-58.474031100000005,Coghlan,12.0
96fe0badb26230a14bcaac092e4d159b,067 - PARQUE SARMIENTO I,-34.555254,-58.494845000000005,Saavedra,12.0
2b5bdb1fcfb8f05eda00f7c583847c01,232 - Sucre y Martinez,-34.5703869,-58.4663122,Belgrano,13.0
06c53e2a7a85876f33e8200a70c37df2,350 - Plaza Irlanda,-34.613778,-58.458315,Caballito,6.0
64fdb15601784ec6140350d178ee90de,309 - UTN II,-34.66036165776025,-58.467638689384906,Villa Lugano,8.0
e4def0e49c14187656136fcbb2f22450,287 - Belaustegui,-34.616659000738366,-58.47770598650817,Villa Santa Rita,11.0
7b74ac498d7c257a159daa09c862dda2,042 - Skate Park Villa Luro,-34.6367055,-58.49528569999998,Villa Luro,10.0
cd3ce86ec0c3d1b71a747960c236c196,321 - EZEIZA,-34.575733,-58.50922800000001,Villa Pueyrredon,12.0
47dec9f860e64cb0e1a996c05277c978,222 - CLUB NAUTICO BUCHARDO,-34.53836046466281,-58.459921009786974,Nuñez,13.0
c6b43dc47f6a80262a3a9ee99a4d0ce8,111 - MACACHA GUEMES,-34.6054877,-58.3646858,,
5f19bc6cc0ef825236917eccfbab8590,124 - UGARTECHE,-34.58111437500588,-58.41262482341766,Palermo,14.0
1eb52d5a1ac8b2479d827c769a2a616c,014 - Pacifico,-34.577424,-58.426387,Palermo,14.0
3909c67341264f0389c7875a48898d48,155 - Parque José Evaristo Uriburu,-34.645082199430064,-58.41749173359584,Nueva Pompeya,4.0
120b05f3757cb364eaf7512ec014c34a,355 - GUARDIA NACIONAL,-34.64463279097436,-58.49709733502237,Mataderos,9.0
e48b4827b07a95c6c1a371a77a503e72,096 - Carlos Gardel,-34.6027814,-58.4116586,Balvanera,3.0
c3f8b82a1c2661e8fbf7b3fcf6496d5f,101 - Fitz Roy,-34.5891857,-58.442439699999994,Chacarita,15.0
4d3e92c385d9cd5d85b4a7e41004578d,384 - PLAZA BENITO NAZAR,-34.60511787,-58.445999589,Villa Crespo,15.0
a83b9efb3e5aee99f397294741b256b2,291 - JUAN BAUTISTA ALBERDI,-34.651081,-58.502125,Mataderos,9.0
2b43e7494854c8de6fbdcaeded9e981f,029 - Parque Centenario,-34.6079414,-58.4335573,Caballito,6.0
37500508c9636d38150d417972466a19,106 - MOSCONI Y CONSTITUYENTES,-34.58088,-58.49363000000001,Villa Pueyrredon,12.0
c3a859dea15744bfb996067ac5aa2151,197 - PLAZA CIUDAD DE UDINE,-34.620998,-58.493044,Floresta,10.0
3e71e8744b34ebee750cf9acb28684d0,278 - Donato Alvarez,-34.602028,-58.465568000000005,Paternal,15.0
02ae4ec66ebbf3001706e75b215001ed,080 - VALLE,-34.6245807,-58.43412319999999,Caballito,6.0
184728b1a8d41009615e354cb7593b9c,317 - ESCUELA RAGGIO,-34.536691,-58.4668133,Nuñez,13.0
7a94f714928a4991e806104fb12636a7,216 - EMILIO LAMARCA,-34.6134032,-58.4933583,Villa Del Parque,11.0
6bdfd8c2c8b163c579d3079ad3aafaf0,258 - Plaza J.J. Paso,-34.569187,-58.453608,Colegiales,13.0
caaaaf1d394ec5e4574def15379ec6cc,031 - PARQUE RIVADAVIA,-34.61651103390999,-58.43235024128227,Caballito,6.0
b5c3de62c638a5f8cb4b5806c853fcc3,260 - SAN MIGUEL DE GARICOITS,-34.577329,-58.45779900000001,Colegiales,13.0
ad949bdd81137bbbf58a70f59d0c12e0,307 - CERETTI,-34.5744245,-58.4962318,Villa Urquiza,12.0
9bddf5efa0b25621132014f95cb88a20,263 - Plaza Echeverria,-34.5717986,-58.48954089999999,Villa Urquiza,12.0
7cd5fb65d56c91230abdc8b536efa800,348 - Villa del Parque,-34.600874,-58.494123,Villa Del Parque,11.0
3e4452fb7083a170d67d44cd1bc176c6,312 - PARQUE GENERAL PAZ,-34.5677377879199,-58.505283495700816,Saavedra,12.0
8ac1ce60679f4b3f38790e60c6525bcf,333 - PARQUE DE LA ESTACIÓN,-34.608096,-58.41183969999999,Balvanera,3.0
3a7c591d9e50e5aa825b46053210a128,296 - SAN ISIDRO LABRADOR,-34.5406752,-58.4752251,Saavedra,12.0
79935d2962958589465630ac2f0b992b,095 - EMILIO CASTRO,-34.649701,-58.51078,Liniers,9.0
5f3ea0334611def2bca9ad8e5ad0e727,334 - CENTRO DE EXPOSICIONES,-34.584018,-58.38992100000001,Recoleta,2.0
0296e96be06d67d0a335fbee3e65b476,075 - Plaza Primero de Mayo,-34.6122976,-58.3989871,Balvanera,3.0
b1b32af8b8ce5162edf82dd4c3936446,045 - Uruguay,-34.59944049406817,-58.386760190213025,San Nicolas,1.0
2c81a0a283aa42e2238a4a6757eb39dc,195 - PARQUE CHAS,-34.5816148,-58.47505689999999,Parque Chas,15.0
6edd0ffa5db8bd572da6e97324557f27,246 - ALMAFUERTE,-34.647805760451966,-58.415984666270425,Nueva Pompeya,4.0
fe0eec8ba2a277461b8fcb5589f570a5,088 - NUÑEZ ,-34.54162804074317,-58.46340407324711,Nuñez,13.0
f84160b606a2fb0706ae21f24400ec70,164 - FACULTAD DE INGENIERIA,-34.617301,-58.3698984,San Telmo,1.0
da79621847af6da4999c3ea807c37c87,177 -PLANETARIO,-34.571078549994866,-58.411597898601634,Palermo,14.0
4f3435d06bcf96800051985a7e35cc7d,026 - JUANA MANSO I,-34.600752,-58.3638723,Puerto Madero,1.0
ce916afcfc7d570465b0686c5bc256bc,366 - VILLA OLÍMPICA,-34.677130515662185,-58.454286054001386,Villa Lugano,8.0
c17b785f68aef4e0fd6c33560d2551a3,149 - LIMA,-34.6153266,-58.38136419999999,Monserrat,1.0
b5c75b7348840a3acb563736c2c5f49c,275 - PLAZA 24 DE SEPTIEMBRE,-34.606984,-58.44854,Villa Crespo,15.0
a5820c80b9b6e73f7fc1d7f19e584c2f,114 - TORRE MACRO,-34.59398891976011,-58.37142444536896,Retiro,1.0
76ec2bffb740144150c15d929c5af368,273 - Plazoleta Colombia,-34.637697,-58.373726000000005,Barracas,4.0
c3e9b1f61537823e17d6b46d666a22b2,315 - BEIRO Y SAN MARTÍN,-34.5976121,-58.4985424,Villa Devoto,11.0
3305ecf7d20dfe56c2c37e8419ea2c48,244 - UADE,-34.617247,-58.381626999999995,Monserrat,1.0
79844211cf6ca8125c9c9a72a0aaab4c,094 - GÚZMAN,-34.591511,-58.44965199999999,Chacarita,15.0
cd9a67a6d3364e17bb11417a26d54306,311 - SEC. DE INNOVACION Y TRANSFORMACIÓN,-34.6350046,-58.395053900000015,Parque Patricios,4.0
49562bcff37bdfd8c35ec74661755e90,361 - Plaza Don Segundo Sombra,-34.64196,-58.4505,Flores,7.0
422d5754bd1588c721e71ef5512a79ae,254 - Plaza Rafael Hernandez,-34.562161,-58.455166000000006,Belgrano,13.0
ef5ec6f9d0027a7b3274c406f91957b3,074 - INSTITUTO LELOIR,-34.60439,-58.43454,Caballito,6.0
fbbfe1632b4de631a7198aa445bc2944,162 - LARREA Y BARTOLOMÉ MITRE,-34.6094724339653,-58.400507791020814,Balvanera,3.0
b8dc6bb801f5cae242a1f5feee841cd4,051 - PLAZA SUDAMERICA,-34.687767,-58.475178,Villa Riachuelo,8.0
a1427fc2988047e0db0961f44b18bac7,156 - Plaza Alemania,-34.5775895,-58.407469600000006,Palermo,14.0
c7eb65c6d1e0ac556c0573461444374d,066 - Billinghurst,-34.5945475,-58.4138713,Recoleta,2.0
08a61530a9daa248cca4d347df2940d6,060 - 25 De Mayo,-34.6016509,-58.37107900000001,San Nicolas,1.0
f58b6902e90b6c27e727fa1a36494d6f,353 - PLAZA VÉLEZ SARSFIELD,-34.6293335,-58.48360279999999,Floresta,10.0
267afae271a0d6cbe6e3cecf57b8b510,256 - PLAZA NORUEGA,-34.562277,-58.459289,Belgrano,13.0
a985fcd896f241e32f5a85eb47338d31,056 - Plaza Palermo Viejo,-34.588567,-58.42599899999999,Palermo,14.0
c6937343a4651b5d12a4e47655ddee8b,068 - AV. CORDOBA,-34.589080298994816,-58.43880442460632,Villa Crespo,15.0
0fd79ac786f23783184e07a68ddb9ca2,319 - HEREDIA,-34.5729858,-58.468138399999994,Villa Ortuzar,15.0
ff21d0ae4f74b0e93f95f89012aaa540,133 - BEIRO Y SEGUROLA,-34.6075,-58.51193000000001,Villa Devoto,11.0
2eaf755b16aa2e9c7010ccebfe490a8b,349 - Plaza Saenz Peña,-34.6097088334705,-58.46729693359809,Villa Gral. Mitre,11.0
9c78c574d8d422c9c35f1cd9417ab915,208 - NICASIO OROÑO,-34.5967435,-58.459403099999996,Paternal,15.0
3bc0548ada5000f4c05ff18ec42b1d53,201 - PLAZA EJERCITO DE LOS ANDES,-34.63897407331851,-58.51010241799405,Liniers,9.0
ebb400db0358799a8210a48a48fb14d4,364 - CERRETTI Y MANUELA PEDRAZA,-34.56912,-58.50025,Villa Urquiza,12.0
510a7efa8446c00bb528b51ec0636a72,207 - PLAZA ARENALES,-34.5997308,-58.5111458,Villa Devoto,11.0
5be815ca6fa892f62516437f7df16e4c,358 - SAN BLAS,-34.612513475293596,-58.48591844047545,Villa Santa Rita,11.0
b4ea4ebaae8c8bb823a191f58b003b4f,227 -Club Ciudad de Buenos Aires,-34.544503,-58.459499,Nuñez,13.0
b4325876d829b05fb18f73b34e143f42,202 - RODNEY,-34.592015,-58.45172699999999,Chacarita,15.0
8490450c13c9ae9441bc41190c3dfdcb,251 - Solar de la Abadía,-34.567633,-58.436752000000006,Palermo,14.0
4cc580b84523fa2d5d20519cc5b84b37,257 - Plaza Francisco Ramirez,-34.553262,-58.469133,Nuñez,13.0
ba0e5d884bafa3794a313cafc3885562,341 - EDITORIAL PERFIL,-34.6489049,-58.38479359999998,Barracas,4.0
3957ec33104a6a8c60475be3871f9b5e,044 - Ecoparque,-34.5755148,-58.4138829,Palermo,14.0
38f77d160759f80db1ef77aa5086a17c,322 - MARTÍ Y DIRECTORIO,-34.636406,-58.470136,Flores,7.0
be54f6021acb534b21c1ef0aff9d8f47,009 - Parque Las Heras,-34.585443,-58.407740999999994,Palermo,14.0
ce98383a5596ff8237a28ff6c9173b31,119 - PLAZOLETA BENEDIT,-34.6022435,-58.44254819999999,Villa Crespo,15.0
b8a14e97b9e9bacc73cb93dd8ebd9f1f,285 - ESPINOSA,-34.603936,-58.457316999999996,Villa Crespo,15.0
c67412e0ab7f2517cc8ac0655058f225,180 - PARQUE OLIMPICO,-34.67263155698435,-58.445517873322615,Villa Soldati,8.0
c58f577f9c8c370d061cbe61afdab7fc,375 - Ciudad Universitaria I,-34.543705,-58.44097597322463,Belgrano,13.0
c260831997e205d2aea10b3ba6293340,214 - MORÓN,-34.6247196,-58.47518040000001,Flores,7.0
32478d5adf4da69d30a225487e352291,107 - HOSPITAL GARRAHAN,-34.63037718,-58.39584399999999,Parque Patricios,4.0
2f6587bae3393fffc5f119abb9c5ad23,235 - COMUNA 13,-34.5532117,-58.464224299999984,Nuñez,13.0
1925cf34dda5876994edbe227e45be41,083 - Paraná,-34.603269,-58.3893728,San Nicolas,1.0
90980e93a182a5e1c6c40b2456ea2065,169 - FACULTAD DE PSICOLOGIA,-34.613071183327094,-58.41497103862304,Almagro,5.0
47603f13c048133bcbbf1a9b75137fd2,346 - Plaza Zapiola,-34.573522,-58.474635,Villa Urquiza,12.0
67ece7ba02ba479297433338801e7263,276 - PRIMERA JUNTA,-34.62079441851816,-58.4413509067459,Caballito,6.0
3d565c1ffe852ccca44e20fecd0c00e8,313 - De Los Incas,-34.57899,-58.46982,Villa Ortuzar,15.0
eb046a7d38fc6ac9966756536362c752,298 - PLAZA DR. JUAN B. TERAN,-34.62141207128675,-58.51978098730659,Villa Real,10.0
d98c4b92aedf993ceaf217271f3162f5,323 - Parque Avellaneda II,-34.6451767192088,-58.484555279762255,Parque Avellaneda,9.0
5368eeec72975026b6ec59936bfa814a,110 - PLAZA CD DE BANFF,-34.62805,-58.52174,Versalles,10.0
51f34bd6cd049372f3631cf024603363,054 - Acuña de Figueroa,-34.5982097,-58.422069400000005,Almagro,5.0
7426f16489e0913bb2bc8869e815b561,308 - SAN MARTIN II,-34.5971297,-58.490739000000005,Agronomia,15.0
d8190d2688bfbdd8d2524f26a00b2781,070 - ARAOZ,-34.5926862,-58.426059699999996,Palermo,14.0
14d2b11b66e97f9cb8723b3611a1c217,305 - Plaza Martin Rodriguez,-34.590964,-58.500336,Villa Pueyrredon,12.0
641213f18c8cc5f5a54024a8648a33ce,229 - RIGLOS,-34.631018,-58.435056,Parque Chacabuco,7.0
1eba0016ffc7c52fbd3f55d2656108e1,013 - ONCE,-34.61009,-58.406,Balvanera,3.0
fc97fe195e0f9792da4f7ebb3d70b70c,012 - Plaza Vicente Lopez,-34.5927096,-58.388807,Recoleta,2.0
9411876bb029368b6fa4eafcf8a77595,174 - MINISTERIO DE EDUCACION,-34.597225,-58.39176799999999,Recoleta,2.0
36bebc0bd1830e3213da35d84120bc26,325 - MEDRANO,-34.6097105,-58.4215633,Almagro,5.0
62220ff19f717a0d1e63d2b5cf19be24,213 - Hospital Alvear,-34.5972098,-58.47421142999999,Paternal,15.0
65491a42a22f888ff410cc4c0f1aa1ff,058 - Ministro Carranza,-34.5752773,-58.434688300000005,Palermo,14.0
1ba642197682199cf5295f9da7aeb4ec,084 - TEATRO PICADERO,-34.6042288,-58.39373749999999,Balvanera,3.0
0ff5bfc8362569bdc6aff21159667e10,157 - LEGUIZAMON,-34.644804,-58.518867,Liniers,9.0
f93d4dfa9a46e2d1b7949dc4d7e60c7d,047 - PARQUE DE LA INNOVACIÓN,-34.54446886407372,-58.453400382566706,Nuñez,13.0
47165c6697873c67ba49e9d4f11dacdb,034 - Colonia Express,-34.6236397,-58.3632448,Puerto Madero,1.0
96e8ad8a5776f0ccb9b39c0e40abe6ac,190 - JUNCAL,-34.5850763,-58.4111136,Palermo,14.0
02a10c7e09659824f0a8e4588d1f0ccd,138 - Hospital Britanico,-34.6353595,-58.3876724,Barracas,4.0
1e95182b2ff747f122c6f0dcae40fc61,400 - HIDALGO,-34.606152521781205,-58.44175388769684,Villa Crespo,15.0
a7a37c1d745636bb76656f4d233a3e69,386 - VELEZ SARSFIELD,-34.6336384,-58.48980999999999,Velez Sarsfield,10.0
f2daea0343729cbe6b9391e3d7d67711,250 - Fleni,-34.555602,-58.45047900000001,Belgrano,13.0
e98d06e7ac02e2efced6da940484d5ff,117 - HUMBERTO 1°,-34.61955283137281,-58.37315930476108,San Telmo,1.0
33e2d83493eecfd910086396530259b5,395 - Agronomia II,-34.5893,-58.48480000000001,Agronomia,15.0
e552620fed1cc98196b347a0f2f43a87,314 - ALLENDE,-34.6147875,-58.5116722,Villa Devoto,11.0
6ed1acd4c2d017f60e2de33a62046619,224 - BAIGORRIA,-34.6108915,-58.503019999999985,Monte Castro,10.0
acdf3af6976171d040d3ccf8c2eaed5c,209 - DEVOTO,-34.6028514,-58.5126086,Villa Devoto,11.0
33da542c9f9f5a207fa288692c67dada,102 - ROSETI,-34.5851209,-58.4492989,Chacarita,15.0
c8d0e783464e7e347e513b766876ba69,004 - Plaza Roma,-34.6030082348981,-58.36885646243477,San Nicolas,1.0
58639d385cf15cee9f5cd2969211da42,294 - PLAZOLETA RÍO DE LA PLATA,-34.57424606980564,-58.41465533223048,Palermo,14.0
7d1e5784c40a54096c1c843be73dec61,336 - La Pampa,-34.565521,-58.45533400000001,Belgrano,13.0
760ef82f95322b827c7c00577cd638b8,187 - Jose Maria Moreno,-34.619879,-58.435801,Caballito,6.0
2c848f154d1a9f8ded5dcde7fbfc2f32,072 - INSTITUTO POLITÉCNICO MODELO,-34.573033051099245,-58.503908287102504,Villa Pueyrredon,12.0
e0e04a856d07241dc2495f9fe702f67b,340 - PLAZA NUEVA POMPEYA,-34.6518464,-58.41577099999999,Nueva Pompeya,4.0
62462a08985823ab3e2344f52140c09e,242 - Plazoleta Rafael del Riego,-34.567483,-58.446381,Palermo,14.0
26bc33f6c32cc5e69edc7a62f55174ea,148 -La Paternal,-34.6008306,-58.47212710000001,Paternal,15.0
707a77d54ca1f34246afb9adbd4403bb,143 - EMILIO MITRE ,-34.6313039,-58.44176059999998,Parque Chacabuco,7.0
80e1cd364ca86f594f42cf0d48ebedbc,191 - Rivadavia y 9 de Julio,-34.6079305,-58.3808358,San Nicolas,1.0
cf4d4ca59786f2258fc3c8b8afa3ebb6,212 - TRES ARROYOS,-34.6072013,-58.45640650000001,Caballito,6.0
0656c769d13c7d3f18bba30a54759a70,035 - INGENIERO BUTTY,-34.5964246,-58.371847,Retiro,1.0
f7fd38ed4d0ebcfd1657c786bc4d74b5,005 - Plaza Italia,-34.5805497,-58.4209542,Palermo,14.0
90baa01c14ec5042e514950b52c10df4,053 - AV. DEL LIBERTADOR ,-34.59291496187579,-58.375442711639394,Retiro,1.0
1a9d0b7fb5cbead6f538c811d30b71bd,020 - GRECIA,-34.5492488,-58.461940799999994,Nuñez,13.0
a975e7017ef4001c2c23b418629a40c1,379 - PARQUE SARMIENTO II,-34.56454,-58.502889999999994,Saavedra,12.0
a8e6be8a86530207bb7528c5b499ec10,237 - Madero Office,-34.599036,-58.36469499999999,Puerto Madero,1.0
96394b0b96b0ba77581a10424ace18c9,008 - Congreso,-34.609799294176376,-58.3916967439331,Monserrat,1.0
c627e2cfc21548a192babcea3e366095,236 - UBA SOCIALES,-34.620233,-58.384386,Constitucion,1.0
cf2972c8b8c35fbd4e34ee6c468b574b,145 - RAVIGNANI,-34.5807161,-58.43840400000001,Palermo,14.0
7791c05fbb0bdd09f423d3ab7083b0e8,150 - RODRIGO BUENO,-34.61698882004119,-58.35638807990112,Puerto Madero,1.0
034418a71e5c3d348237a386e908cf8d,178 - José Marmol,-34.6234,-58.424853,Boedo,5.0
d893b12d5d5f8e5f2c120158a4513e6d,392 - CHARCAS,-34.58686608967169,-58.42142570059433,Palermo,14.0
c490858e535687105df81d6942acc753,365 - Venancio Flores,-34.629967,-58.473725,Flores,7.0
6985694c4ab348954e9ec00f5ebb9284,131- HOSPITAL DE CLÍNICAS,-34.5984043,-58.39901580000001,Recoleta,2.0
9491a9212e140cf3213886f4e8720850,284 - AV. FOREST,-34.575441,-58.46268899999999,Colegiales,13.0
7fb45c660e878faea5739561104339d5,159 - Fitz Roy & Gorriti,-34.58495,-58.437338999999994,Palermo,14.0
a3216dda73c815e31b10faa31cbb0d15,093 - CARLOS CALVO,-34.620798,-58.3944635,San Cristobal,3.0
2c54bd2063f1024d845fb035ec6abd06,196 - HOSPITAL ARGERICH,-34.6277671,-58.36602490000001,La Boca,4.0
da935025e67e65f12470d27091f3a4d6,277 - Coghlan,-34.5654,-58.4759,Coghlan,12.0
9007fa261d2d854b35907b3af97e579d,081 - PARQUE DE LAS CIENCIAS,-34.5829625,-58.42997930000001,Palermo,14.0
4ebd5d6dcda09ea9f6a3f8fb2be908b9,215 - HOSPITAL ALVAREZ,-34.623123,-58.468287000000004,Flores,7.0
66aedd54e5754261058af58832d1e47b,082 - HOSPITAL ITALIANO,-34.6078917,-58.426394699999996,Almagro,5.0
88904c6cebc4ebc7ed4ec77e31bcc6fc,223 - GAINZA,-34.616758,-58.446751,Caballito,6.0
2c6148ba34aa972afc6a0d981645814f,151 - AIME PAINÉ,-34.61129829312854,-58.3591384429222,Puerto Madero,1.0
aca6d64a766d79e41f31394a1d2e3ff1,183 - VIRREY CEVALLOS,-34.6156994,-58.3899728,Monserrat,1.0
be83a186c1769aed05a64b40f539aa94,390 - De Los Ombues,-34.5602,-58.4281,Palermo,14.0
5a25095ce0893c1c6636279e5e94a140,129 - Velasco,-34.602030976842634,-58.43378414441495,Villa Crespo,15.0
464ac16bcd727d7471a4495ecf2471ac,351 - PAYSANDU ,-34.616370401105016,-58.44986993928679,Caballito,6.0
b563449b6ec731f2bb8b4da62364929a,360 - Plaza Ramon Falcon,-34.6352784,-58.48253270000001,Velez Sarsfield,10.0
72b13a78711adbda3c42f9541cbefe63,112 - 9 de Julio,-34.612075,-58.38038400000001,Monserrat,1.0
3102815fe099a65c79c83e07dbca75db,153 - JUAN MANUEL DE BLANES,-34.6310284,-58.36288800000001,La Boca,4.0
f1fe60f1dda758b33817c7cc33353d7a,003 - ADUANA,-34.61220714255728,-58.369129063788996,Monserrat,1.0
05ef2ca6ce4df33bf83169a82baf1a23,370 - Beauchef,-34.640114,-58.43026,Parque Chacabuco,7.0
a6d9fc54ab496626e5d74c0e123ad3e6,337 - AV. J. B. JUSTO,-34.6226411,-58.48202029999999,Villa Santa Rita,11.0
ed45d7e796065eddef9989c32a9b4cad,181 - BILLINGHURST Y MANSILLA,-34.5926649,-58.412007200000005,Recoleta,2.0
1cb7cb5ebcec18100947e958b2794906,036 - MAIPÚ,-34.6010599,-58.374534600000004,San Nicolas,1.0
203b84e930dcdb0ae63f7dc9559e635c,299 - ALVEAR TENIS CLUB,-34.64142,-58.48239999999999,Parque Avellaneda,9.0
cbdb811b2ee1c56f0d6845fc1fcca6c5,326 - PICO,-34.5535868449943,-58.49758664152526,Saavedra,12.0
d22a114cf7d4d4aecc3e2825087f9db2,089 - Cabello,-34.5825475,-58.4056671,Palermo,14.0
f1502307a7dce7d7c9c586ae8ddd6733,010 - Madero UCA,-34.6164879,-58.3656683,Puerto Madero,1.0
aed77660592ff26b7c4bcd6de236f4d6,134 - SOLDADO DE LA FRONTERA,-34.68337327104124,-58.46570116267395,Villa Lugano,8.0
aa6964305509ea76ec33e9737aa080d0,253 - Plaza Colegiales,-34.57653,-58.44348999999999,Colegiales,13.0
edf3425043955bf6a4035ad6cab60229,052 - CAMPANA II,-34.5831596,-58.51316640000001,Villa Pueyrredon,12.0
bc5b8a62c16776eebd42c4322fa7fde4,142 - ARMENIA,-34.5906475,-58.42889899999998,Palermo,14.0
d7bab7f9163d4c61c743252449904ecf,387 - Luna,-34.639807,-58.39905000000001,Parque Patricios,4.0
6ba829ae4aadece6528fdf565f7f8215,175 - PLAZA MACKENNA,-34.5436888,-58.4771259,Saavedra,12.0
d9ae1c0e55d00995cbf3beb0adf2a877,200 - AUSTRIA Y FRENCH,-34.5882997,-58.40426080000001,Recoleta,2.0
7f4ee6e9520eb592e845ed854139c5ff,024 - ALSINA,-34.610583,-58.38089430000001,Monserrat,1.0
6364b7f3b179fa1e05b200d73b04360b,079 - AZUCENA VILLAFLOR,-34.61189,-58.36393000000001,Puerto Madero,1.0
25912f5cf258a20a29423320e3442b48,057 - BELGRANO,-34.61324972988651,-58.370645128905494,Monserrat,1.0
66ef05dcd84dcc84f51b325ee91edda0,030 - GIRALT,-34.60463069395953,-58.3608138563446,Puerto Madero,1.0
3a196843034f0311c041900e68f946b8,363 - NAZCA,-34.60959910878925,-58.483172617161934,Villa Santa Rita,11.0
2c5a42d849bbe36674fde47999688a36,238 - PLAZA LAS TOSCANERAS,-34.6165412,-58.52601810000001,Villa Real,10.0
721efd1a5e597701998c06925db46122,225 - HOSPITAL TORNU,-34.587458,-58.4739506,Parque Chas,15.0
755534ee41e6f7633d625eff601a6c2d,367 - Eva Perón,-34.6471,-58.46979999999999,Parque Avellaneda,9.0
55c0125b95cc9b0cef7e551de00afc21,293 - GREGORIO DE LAFERRERE,-34.653356,-58.481010999999995,Parque Avellaneda,9.0
987a1949038df539270b8f207438df7d,025 - Plaza Guemes,-34.5894269,-58.416117799999995,Palermo,14.0
763cb5885cb68bfff54280e4551879e8,076 - Ayacucho,-34.6074084,-58.39505479999999,Balvanera,3.0
00f1c4ebdd0053e31464a1e920073289,332 - PACÍFICO II,-34.5745008,-58.42481399999999,Palermo,14.0
dd99cb5686e9ba0acd3ac01c7ae466bc,184 - Pedro Echague,-34.6306129,-58.3913419,Parque Patricios,4.0
769b29868ed0583ef3c3512cfbebdbc6,171 - Pasteur,-34.6032813,-58.3997553,Balvanera,3.0
5feb81c39d7ffa140e49881c28dd38d6,228 - UNIVERSIDAD DEL SALVADOR,-34.59694268462008,-58.385938237364954,Retiro,1.0
817a6a8bd19b60ed9e7764f54b15c563,280 - JURAMENTO,-34.578933,-58.4840556,Villa Urquiza,12.0
a9f0e078537a438369a201adf6b112e3,168 - Estados Unidos,-34.6186217,-58.381227100000004,Constitucion,1.0
11b348ea36d0400502caf9ed4b14c01a,115 - JUAN DE GARAY,-34.626972970573625,-58.38060147088622,Constitucion,1.0
35e1e25b66222afd494173654ceb606b,092 - Salcedo,-34.6316444,-58.4053386,Parque Patricios,4.0
15289552bd365f276d720b6e27043e9f,199 - ESTADOS UNIDOS Y BOEDO,-34.62265740105829,-58.416179997613774,Boedo,5.0
ec3dcfd48cfc272224ded3c3d044e1b7,015 - AMENABAR,-34.572056,-58.44752359999998,Colegiales,13.0
f5f424c75dc6d38d98c78ac16a2bbb7b,286 - FILOSOFIA Y LETRAS,-34.628556350908276,-58.4468139680066,Caballito,6.0
cad9e9833c4f01f5ee683aeab99ce0fe,077 - CRISOLOGO LARRALDE,-34.56119069896605,-58.4920304128975,Saavedra,12.0
cf17fecf6ebaa8bb44449d7446477c0a,141 - DEL BARCO CENTENERA,-34.62780084937208,-58.440321152114855,Caballito,6.0
62fc0eed1b6288f273e4bc73d7406105,369 - PLAZA LARRAZABAL,-34.6430378,-58.5127001,Liniers,9.0
a4496f78162aa72bb7911f443c9864ae,394 - Av. La Plata,-34.643012510740405,-58.42284285277861,Nueva Pompeya,4.0
cabaf626397292d8700a2cb1b76b2c02,243 - PLAZOLETA CELEDONIO FLORES,-34.581576,-58.451530000000005,Chacarita,15.0
0479d9cfc45eff5e50b3091605f7658b,062 - PARQUE ONEGA,-34.5934185,-58.513837,Villa Devoto,11.0
c4f3328354106fecbccd251bc578b501,122 - COSTA RICA,-34.5915614,-58.41981629999999,Palermo,14.0
5fe0a8ff41985e86ea4b679246bd5fa1,090 - HONORIO PUEYRREDON,-34.60251720000001,-58.449658973016376,Villa Crespo,15.0
20c5ed1b310081008d6e4b0f30eef71d,166 - Cementerio de Recoleta,-34.58905838863397,-58.39299822503815,Recoleta,2.0
80b80fd49d9ed15a1a3c583c81544aa0,011 - PLAZA BOEDO,-34.621951534228664,-58.41236636567611,Boedo,5.0
4d15b1aff347623e7b32290a8d8979ed,342 - HONDURAS,-34.58755,-58.43196,Palermo,14.0
c2b91bac5da8070343bbab4a91f453be,071 - CERRITO,-34.6026673,-58.383355900000005,San Nicolas,1.0
58f8905428527cd0dc3a92e0dae3f5d3,132 - CORRIENTES,-34.6033685,-58.372763,San Nicolas,1.0
13f9f1e17f1af855406087c9f8a29f1d,397 - PARQUE SANTOJANNI,-34.648402,-58.51364480000001,Liniers,9.0
8e0451f4dd0d1092ebc3d75578c0c476,189 - POSADAS,-34.5886889,-58.3852113,Recoleta,2.0
bc81c10df85aec5e16c73f7c4dcc6114,085 - AGUERO,-34.5948057,-58.409178399999995,Recoleta,2.0
40bf392b3d96b3a8a4738547504766e8,301 - Arregui Y Terrada,-34.604597356692906,-58.484812116143225,Villa Del Parque,11.0
bbec500b5ca2ecc8a61a8d728a6c45cf,108 - Usina del Arte,-34.628757,-58.35625900000001,La Boca,4.0
c08c0e3bacb49d9f098f5511ab37ba7e,262 - Holmberg,-34.566032515757676,-58.479879186508185,Villa Urquiza,12.0
d3ac28c9c0a69b6d2b9f4b891663442c,099 - Malabia,-34.5960961,-58.43540800000001,Villa Crespo,15.0
96cdf81ae2f8ab44b3af7765364d9c0f,018 - Independencia,-34.617654,-58.380565,Constitucion,1.0
7d5930acfb4a8a028cac7a88e4ad9d36,123 - BASUALDO Y RODO,-34.65237685302847,-58.48735935690687,Mataderos,9.0
5f9be5c1e25077bbb5877fb8983dc606,154 - LINIERS,-34.634808,-58.527098,Liniers,9.0
4e8ff7cac3133bfde7ce8881eecf6129,100 - Plaza Gurruchaga,-34.59310953590707,-58.43506630059434,Villa Crespo,15.0
4ecd83fbffc1099976e1663c25049472,306 - PLAZA RAVIGNANI,-34.61325,-58.52286099999999,Villa Devoto,11.0
0274bb1aaa9fe1cdebaf9429e175b8e1,290 - Club Excursionistas,-34.5591522,-58.4441762,Belgrano,13.0
3e65dea2f1908ebea04362bc7e31e686,221 - CULPINA,-34.631705,-58.466142999999995,Flores,7.0
f353479306dc2656b79b85088fb64e31,017 - Plaza Almagro,-34.6064101,-58.4187306,Almagro,5.0
0d132e440df04df56c1a749ebad057ca,001 - FACULTAD DE DERECHO,-34.583749,-58.390602,Recoleta,2.0
e22f6f510d0cf75c651c368ea3e890b4,182 - RAVIGNANI Y GUATEMALA,-34.5780479,-58.435246600000006,Palermo,14.0
47d1baad88d7422a04eefbbc31b4156f,376 - PASEO DE LA COSTANERA,-34.550468,-58.430024,Belgrano,13.0
da3f10622bfe544049d0d782999c247b,354 - José Martí,-34.6439,-58.46311399999999,Flores,7.0
8acf42bcd3f17e96be2a9b076982d1b6,252 - Tamborini,-34.5599779,-58.4790578,Coghlan,12.0
eb687e10332f4d66e02431141d3bfe72,116 - HOSPITAL ALEMÁN,-34.59147195496799,-58.401281823105236,Recoleta,2.0
b15d275d21bfc4c97b10986a572ee572,316 - Buenos Aires,-34.6446835804428,-58.39387590287583,Barracas,4.0
3344b80e815ba909b95197a4de011530,352 - Papa Francisco,-34.62883578,-58.463297377,Flores,7.0
71aadf5eca99117b98540241f47342e4,125 - BILBAO,-34.6340752,-58.45900799999999,Flores,7.0
ed937f1abaa113091542b572e9fc955a,217 - RUIZ HUIDOBRO,-34.5500877791735,-58.48506483743439,Saavedra,12.0
928f050f570ee40fa2f908d108de3c66,371 - Paseo de las Americas,-34.5530794109,-58.43522348866,Belgrano,13.0
32d8720fd6deddec63e5f4b559fc5c2d,188 - Aranguren,-34.61036075,-58.43276297,Caballito,6.0
39fe3e97f45eefe8633a69eacaa7f44f,204 - Biarritz,-34.60543081369964,-58.47725521899702,Villa Del Parque,11.0
a0474a158f8c98e7855871146538b92c,023 - ALMAGRO,-34.620169,-58.422096999999994,Almagro,5.0
9d5dca2868f91bc3e3054cbc94b88d7e,330 - Parque Avellaneda,-34.64243068443109,-58.478115796622575,Parque Avellaneda,9.0
8d4aec2b77e767f8a23fd2046d0b992d,104 - Federico Lacroze,-34.587617,-58.45521200000001,Chacarita,15.0
799c050113ce4e8afab6e1aadc9d8b7d,220 - PLAZA FELIX LIMA,-34.5420905,-58.47056989999999,Nuñez,13.0
d84ce4e62fe8d26871f40b65a938fe94,069 - Ecuador,-34.5961006,-58.4046092,Recoleta,2.0
998ed1d04ed5cbd378af9a46bb4e5c41,037- Claudia Pía Baudracco,-34.6081643,-58.3779002,San Nicolas,1.0
252ef0a2172a6fee68f99d4f8e924d54,055 - HABANA,-34.5865976,-58.49495850000001,Villa Pueyrredon,12.0
21d0ca9ee3aba04ead562984eaac94a2,271 - VILLA SOLDATI II,-34.673248,-58.455319399999986,Villa Soldati,8.0
c1cbba260071bfda27c1d862cff2b358,211 - BLANCO ENCALADA,-34.5698528,-58.4767434,Villa Urquiza,12.0
b1c22dc2b44f07ba71d628531ac67659,043 - PLAZA ALBERDI,-34.559255,-58.487772,Saavedra,12.0
506df6f2655b6fd96093b6a4f18cee43,193 - ARENALES Y AGUERO,-34.5908626,-58.4061652,Recoleta,2.0
40b74a92c9e41f27bab87783c57c5ac6,295 - SUPERÍ,-34.5554843,-58.4768041,Coghlan,12.0
52cd55e596e85798869f854b232ee3a8,170 - RAFAELA,-34.6391718,-58.4947858,Villa Luro,10.0
37edcced346e9a672a4457e15819e490,231 - Margariños Cervantes,-34.610482,-58.474369,Villa Gral. Mitre,11.0
03e0a6f6096ad1339dc2573e82f6e70f,028 - Plaza de la Bandera,-34.6294802,-58.49448539999998,Velez Sarsfield,10.0
c750844d4ede61832aba649227afea18,245 - COSTANERA NORTE,-34.56477054,-58.402021,Palermo,14.0
685637f47b1a6f159fcce5d0a1663036,007 - OBELISCO,-34.606498,-58.381098,San Nicolas,1.0
9530da681da4f91a3d6a1ca73f818d3c,268 - Plaza Aristóbulo Del Valle,-34.606159914753725,-58.493141345207654,Villa Del Parque,11.0
211fe178b58873f0d6e44810d3f5a8b8,173 - EL LIBERTADOR,-34.5947293,-58.5033086,Villa Devoto,11.0
d2afe6abcba9dff4effbe633092c3a47,091 - Pasco,-34.6174482,-58.397602,Balvanera,3.0
92688bd4b04922098d846fb6792bb3e3,103 - MALBA,-34.57694914795284,-58.40398420287857,Palermo,14.0
1a4b04ab6a8b720aa5d24286d4d7ad27,304 - Navarro,-34.592244,-58.491797,Agronomia,15.0
e90b0ad7847641903f6cfa390b09f3ed,356 - ESTACIÓN LUGANO,-34.67948324169569,-58.47424852254684,Villa Lugano,8.0
60ccde14b0b7bb413c9ca465a2cbfc00,310 - FREIRE II,-34.5751286,-58.45275609999999,Colegiales,13.0
03553b8e35c608f4da0ae5f28446dd34,206 - Galicia,-34.615945,-58.470980000000004,Villa Gral. Mitre,11.0
54b141a642ed2d9a1451729d8046e33a,135 - MARCELO T. DE ALVEAR,-34.5976425,-58.378363,Retiro,1.0
5e630b475f069aedc33ed814c8dc7fd2,118 - MEXICO,-34.6170196,-58.4026531,Balvanera,3.0
51d6970dfd31fa47e5439a29a91cbb90,203 - Beiro,-34.6008,-58.50335,Villa Del Parque,11.0
dc4eb329d113554c1e0bdf82b8e0798e,339 - HIPODROMO DE PALERMO,-34.568757,-58.427288,Palermo,14.0
3870d49cc9c76e0799c7deea72c6f507,289 - MONTAÑESES,-34.551304,-58.454181,Belgrano,13.0
c450e56f62270686c2818ef0fbe1cc7f,343 - NEUQUEN,-34.61569987780073,-58.453128482243756,Caballito,6.0
faee598e4464d8a1a35bd069f64a2a61,113 - Guatemala,-34.58664586130691,-58.42511616309485,Palermo,14.0
10c6eee0262d3d0109d362d551701c1d,218 - Campana,-34.616813,-58.484297,Villa Santa Rita,11.0
6f48f003bb83be2af520d74e7387bb4c,398 - MERCEDES,-34.6047626,-58.50957420000001,Villa Devoto,11.0
e2c81c615617f2c1986e773f2b588668,086 - SAAVEDRA,-34.6212681,-58.401680799999994,San Cristobal,3.0
6f7d7f41c38889d21a1f8611854df08a,137 - AZOPARDO Y CHILE,-34.6155977,-58.3674923,Monserrat,1.0
19035c96f1f1e73f3abba844e02e2bf8,064 - RIOBAMBA,-34.5936508,-58.3941087,Recoleta,2.0
4f1bfb052053d17bfbd0dbe7c86eafc6,210 - JOSE LEON CABEZON,-34.5801918,-58.50094170000001,Villa Pueyrredon,12.0
46d34611a3f0bbdcb8268b7f5b247400,302 - ESTACION VILLA LURO,-34.63670935917866,-58.501355258102926,Villa Luro,10.0
8c5105598d6d86a623acd335045ddc97,186 - MANZANA 66,-34.6136356,-58.4064415,Balvanera,3.0
8c2c0155e683e765d6f6c9bf75710704,167 - Hipólito Yrigoyen,-34.614948,-58.42781800000001,Almagro,5.0
4c3dd2af0174038f0e0a0caaff3c5553,368 - PLAZA DE LA SHOÁ,-34.5709984,-58.423346900000006,Palermo,14.0
